Hugo_Symbol,p.value
TTN,2.01E-18
MUC16,4.69E-09
AHNAK2,2.03E-07
HMCN1,0.002641251
CMYA5,0.002743083
GPR112,0.002756392
AHNAK,0.002853858
PCLO,0.002853858
SYNE1,0.002853858
XIRP2,0.002853858
DST,0.002958173
CACNA1E,0.003010971
MXRA5,0.00311823
BAZ2B,0.004597958
DYNC1H1,0.004597958
FAT2,0.004597958
LYST,0.004623871
NIPBL,0.004728568
APC,0.009741166
HUWE1,0.010848176
MDN1,0.012634723
MGA,0.012634723
SMG1,0.012634723
SPHKAP,0.014142983
DNAH10,0.014697838
RYR1,0.014697838
ABCA13,0.015019954
LRP2,0.015019954
DMD,0.017967588
CHD4,0.019147154
RYR2,0.02209128
FRMPD4,0.022476623
MLL2,0.022476623
COL6A3,0.027190812
SYNE2,0.029011371
ANK3,0.029988016
GPR98,0.029988016
APOB,0.032441015
DNAH11,0.032441015
HEATR7B2,0.032441015
CENPE,0.035383721
ATRX,0.053498426
DSCAM,0.054285834
DOCK11,0.054293533
MUC17,0.054293533
IGSF10,0.069542072
OBSCN,0.080429729
DNAH14,0.080455596